{"cameraMode":{"drawMode":0,"name":"Shaded","section":"Shading Mode"},"sceneLighting":true,"audioPlay":false,"sceneViewState":{"m_AlwaysRefresh":false,"showFog":true,"showSkybox":true,"showFlares":true,"showImageEffects":true,"showParticleSystems":true,"showVisualEffectGraphs":true,"m_FxEnabled":true},"in2DMode":false,"pivot":{"x":-0.23803114891052247,"y":5.039580821990967,"z":-0.14689064025878907},"rotation":{"x":-0.10736855864524842,"y":0.36714309453964236,"z":-0.04270883649587631,"w":-0.9229637384414673},"size":23.586326599121095,"orthographic":false}